60, 30
, 32, 1, 0, 32, 1, 0, 32, 1, 0, 32, 1, 0, 32, 1, 0, 32, 1, 0, 32, 1, 0, 32, 1, 0, 32, 1, 0, 32, 1, 0, 32, 1, 0, 32, 1, 0, 32, 1, 0, 32, 1, 0, 32, 1, 0, 32, 1, 0, 32, 1, 0, 32, 1, 0, 32, 1, 0, 32, 1, 0, 32, 1, 0, 32, 1, 0, 32, 1, 0, 32, 1, 0, 32, 1, 0, 32, 1, 0, 32, 1, 0, 32, 1, 0, 32, 1, 0, 32, 1, 0, 32, 1, 0, 32, 1, 0, 32, 1, 0, 32, 1, 0, 32, 1, 0, 32, 1, 0, 32, 1, 0, 32, 1, 0, 32, 1, 0, 32, 1, 0, 32, 1, 0, 32, 1, 0, 32, 1, 0, 32, 1, 0, 32, 1, 0, 32, 1, 0, 32, 1, 0, 32, 1, 0, 32, 1, 0, 32, 1, 0, 32, 1, 0, 32, 1, 0, 32, 1, 0, 32, 1, 0, 32, 1, 0, 32, 1, 0, 32, 1, 0, 32, 1, 0, 32, 1, 0, 32, 1, 0
, 32, 1, 0, 32, 1, 0, 32, 1, 0, 32, 1, 0, 32, 1, 0, 32, 1, 0, 32, 1, 0, 32, 1, 0, 32, 1, 0, 32, 1, 0, 32, 1, 0, 32, 1, 0, 32, 1, 0, 32, 1, 0, 32, 1, 0, 32, 1, 0, 32, 1, 0, 32, 1, 0, 32, 1, 0, 32, 1, 0, 32, 1, 0, 32, 1, 0, 32, 1, 0, 32, 1, 0, 32, 1, 0, 32, 1, 0, 32, 1, 0, 32, 1, 0, 32, 1, 0, 32, 1, 0, 32, 1, 0, 32, 1, 0, 32, 1, 0, 32, 1, 0, 32, 1, 0, 32, 1, 0, 32, 1, 0, 32, 1, 0, 32, 1, 0, 32, 1, 0, 32, 1, 0, 32, 1, 0, 32, 1, 0, 32, 1, 0, 32, 1, 0, 32, 1, 0, 32, 1, 0, 32, 1, 0, 32, 1, 0, 32, 1, 0, 32, 1, 0, 32, 1, 0, 32, 1, 0, 32, 1, 0, 32, 1, 0, 32, 1, 0, 32, 1, 0, 32, 1, 0, 32, 1, 0, 32, 1, 0
, 32, 1, 0, 32, 1, 0, 32, 1, 0, 32, 1, 0, 32, 1, 0, 32, 1, 0, 32, 1, 0, 32, 1, 0, 32, 1, 0, 32, 1, 0, 32, 1, 0, 32, 1, 0, 32, 1, 0, 32, 1, 0, 32, 1, 0, 32, 1, 0, 32, 1, 0, 32, 1, 0, 32, 1, 0, 32, 1, 0, 32, 1, 0, 32, 1, 0, 32, 1, 0, 32, 1, 0, 32, 1, 0, 32, 1, 0, 32, 1, 0, 32, 1, 0, 32, 1, 0, 32, 1, 0, 32, 1, 0, 32, 1, 0, 32, 1, 0, 32, 1, 0, 32, 1, 0, 32, 1, 0, 32, 1, 0, 32, 1, 0, 32, 1, 0, 32, 1, 0, 32, 1, 0, 32, 1, 0, 32, 1, 0, 32, 1, 0, 32, 1, 0, 32, 1, 0, 32, 1, 0, 32, 1, 0, 32, 1, 0, 32, 1, 0, 32, 1, 0, 32, 1, 0, 32, 1, 0, 32, 1, 0, 32, 1, 0, 32, 1, 0, 32, 1, 0, 32, 1, 0, 32, 1, 0, 32, 1, 0
, 32, 1, 0, 32, 1, 0, 32, 1, 0, 32, 1, 0, 32, 1, 0, 32, 1, 0, 32, 1, 0, 32, 1, 0, 32, 1, 0, 32, 1, 0, 32, 1, 0, 32, 1, 0, 32, 1, 0, 32, 1, 0, 32, 1, 0, 32, 1, 0, 32, 1, 0, 32, 1, 0, 32, 1, 0, 32, 1, 0, 32, 1, 0, 32, 1, 0, 32, 1, 0, 32, 1, 0, 32, 1, 0, 32, 1, 0, 32, 1, 0, 32, 1, 0, 32, 1, 0, 32, 1, 0, 32, 1, 0, 32, 1, 0, 32, 1, 0, 32, 1, 0, 32, 1, 0, 32, 1, 0, 32, 1, 0, 32, 1, 0, 32, 1, 0, 32, 1, 0, 32, 1, 0, 32, 1, 0, 32, 1, 0, 32, 1, 0, 32, 1, 0, 32, 1, 0, 32, 1, 0, 32, 1, 0, 32, 1, 0, 32, 1, 0, 32, 1, 0, 32, 1, 0, 32, 1, 0, 32, 1, 0, 32, 1, 0, 32, 1, 0, 32, 1, 0, 32, 1, 0, 32, 1, 0, 32, 1, 0
, 32, 1, 0, 32, 1, 0, 32, 1, 0, 32, 1, 0, 32, 1, 0, 32, 1, 0, 32, 1, 0, 32, 1, 0, 32, 1, 0, 32, 1, 0, 32, 1, 0, 32, 1, 0, 32, 1, 0, 32, 1, 0, 32, 1, 0, 32, 1, 0, 32, 1, 0, 32, 1, 0, 32, 1, 0, 32, 1, 0, 32, 1, 0, 32, 1, 0, 32, 1, 0, 32, 1, 0, 32, 1, 0, 32, 1, 0, 32, 1, 0, 32, 1, 0, 32, 1, 0, 32, 1, 0, 32, 1, 0, 32, 1, 0, 32, 1, 0, 32, 1, 0, 32, 1, 0, 32, 1, 0, 32, 1, 0, 32, 1, 0, 32, 1, 0, 32, 1, 0, 32, 1, 0, 32, 1, 0, 32, 1, 0, 32, 1, 0, 32, 1, 0, 32, 1, 0, 32, 1, 0, 32, 1, 0, 32, 1, 0, 32, 1, 0, 32, 1, 0, 32, 1, 0, 32, 1, 0, 32, 1, 0, 32, 1, 0, 32, 1, 0, 32, 1, 0, 32, 1, 0, 32, 1, 0, 32, 1, 0
, 32, 1, 0, 32, 1, 0, 32, 1, 0, 32, 1, 0, 32, 1, 0, 32, 1, 0, 32, 1, 0, 32, 1, 0, 32, 1, 0, 32, 1, 0, 32, 1, 0, 32, 1, 0, 32, 1, 0, 32, 1, 0, 32, 1, 0, 490, 1, 0, 491, 1, 0, 492, 1, 1, 492, 1, 0, 493, 1, 0, 32, 1, 0, 32, 1, 0, 490, 1, 0, 491, 1, 0, 492, 1, 1, 492, 1, 0, 493, 1, 0, 32, 1, 0, 32, 1, 0, 32, 1, 0, 32, 1, 0, 32, 1, 0, 32, 1, 0, 32, 1, 0, 32, 1, 0, 32, 1, 0, 32, 1, 0, 32, 1, 0, 32, 1, 0, 32, 1, 0, 32, 1, 0, 32, 1, 0, 32, 1, 0, 32, 1, 0, 32, 1, 0, 32, 1, 0, 32, 1, 0, 32, 1, 0, 32, 1, 0, 32, 1, 0, 32, 1, 0, 32, 1, 0, 32, 1, 0, 32, 1, 0, 32, 1, 0, 32, 1, 0, 32, 1, 0, 32, 1, 0, 32, 1, 0, 32, 1, 0
, 32, 1, 0, 32, 1, 0, 32, 1, 0, 32, 1, 0, 32, 1, 0, 32, 1, 0, 32, 1, 0, 32, 1, 0, 32, 1, 0, 32, 1, 0, 32, 1, 0, 32, 2, 0, 32, 1, 0, 32, 1, 0, 32, 1, 0, 491, 1, 1, 491, 1, 1, 32, 1, 0, 491, 1, 1, 32, 1, 1, 32, 1, 0, 32, 1, 0, 32, 1, 1, 32, 1, 1, 32, 0, 0, 32, 1, 1, 32, 1, 1, 32, 1, 0, 32, 1, 0, 32, 1, 0, 32, 1, 0, 32, 1, 0, 32, 1, 0, 32, 1, 0, 32, 1, 0, 32, 1, 0, 32, 1, 0, 32, 1, 0, 32, 1, 0, 32, 1, 0, 32, 1, 0, 32, 1, 0, 32, 1, 0, 32, 1, 0, 32, 1, 0, 32, 1, 0, 32, 1, 0, 32, 1, 0, 32, 1, 0, 32, 1, 0, 32, 1, 0, 32, 1, 0, 32, 1, 0, 32, 1, 0, 32, 1, 0, 32, 1, 0, 32, 1, 0, 32, 1, 0, 32, 1, 0, 32, 1, 0
, 32, 1, 0, 32, 1, 0, 32, 1, 0, 32, 1, 0, 32, 1, 0, 32, 1, 0, 32, 1, 0, 32, 1, 0, 32, 1, 0, 32, 1, 0, 32, 1, 0, 32, 2, 0, 32, 1, 0, 32, 1, 0, 32, 1, 0, 491, 1, 1, 491, 1, 1, 32, 1, 0, 491, 1, 1, 32, 1, 1, 344, 0, 2, 344, 0, 2, 32, 1, 1, 32, 1, 1, 32, 0, 0, 32, 1, 1, 32, 1, 1, 32, 1, 0, 32, 1, 0, 32, 1, 0, 32, 1, 0, 32, 1, 0, 32, 1, 0, 32, 1, 0, 32, 1, 0, 32, 1, 0, 32, 1, 0, 32, 1, 0, 32, 1, 0, 32, 1, 0, 32, 1, 0, 32, 1, 0, 32, 1, 0, 32, 1, 0, 32, 1, 0, 32, 1, 0, 32, 1, 0, 32, 1, 0, 32, 1, 0, 32, 1, 0, 32, 1, 0, 32, 1, 0, 32, 1, 0, 32, 1, 0, 32, 1, 0, 32, 1, 0, 32, 1, 0, 32, 1, 0, 32, 1, 0, 32, 1, 0
, 32, 1, 0, 32, 1, 0, 32, 1, 0, 32, 1, 0, 32, 1, 0, 32, 1, 0, 32, 1, 0, 32, 1, 0, 32, 1, 0, 32, 1, 0, 32, 1, 0, 32, 2, 0, 391, 2, 0, 392, 2, 0, 32, 1, 2, 491, 1, 1, 491, 1, 1, 491, 1, 1, 491, 1, 1, 32, 1, 1, 32, 1, 2, 32, 1, 2, 32, 1, 1, 32, 1, 1, 32, 0, 1, 32, 1, 1, 32, 1, 1, 32, 1, 2, 393, 2, 0, 394, 2, 0, 32, 1, 0, 32, 1, 0, 32, 1, 0, 32, 1, 0, 32, 1, 0, 32, 1, 0, 32, 1, 0, 32, 1, 0, 32, 1, 0, 32, 1, 0, 32, 1, 0, 32, 1, 0, 32, 1, 0, 32, 1, 0, 32, 1, 0, 32, 1, 0, 32, 1, 0, 32, 1, 0, 32, 1, 0, 32, 1, 0, 32, 1, 0, 32, 1, 0, 32, 1, 0, 32, 1, 0, 32, 1, 0, 32, 1, 0, 32, 1, 0, 32, 1, 0, 32, 1, 0, 32, 1, 0
, 32, 1, 0, 32, 1, 0, 32, 1, 0, 32, 1, 0, 32, 1, 0, 32, 1, 0, 32, 1, 0, 32, 1, 0, 32, 1, 0, 32, 1, 0, 32, 2, 0, 383, 2, 0, 32, 1, 2, 32, 1, 2, 32, 1, 2, 412, 1, 2, 32, 0, 1, 32, 0, 1, 32, 0, 1, 413, 1, 2, 32, 1, 2, 32, 1, 2, 412, 1, 2, 32, 1, 1, 32, 1, 1, 32, 1, 1, 413, 1, 2, 32, 1, 2, 32, 1, 2, 32, 1, 2, 382, 2, 0, 32, 1, 0, 32, 1, 0, 32, 1, 0, 32, 1, 0, 32, 1, 0, 32, 1, 0, 32, 1, 0, 32, 1, 0, 32, 1, 0, 32, 1, 0, 32, 1, 0, 32, 1, 0, 32, 1, 0, 32, 1, 0, 32, 1, 0, 32, 1, 0, 32, 1, 0, 32, 1, 0, 32, 1, 0, 32, 1, 0, 32, 1, 0, 32, 1, 0, 32, 1, 0, 32, 1, 0, 32, 1, 0, 32, 1, 0, 32, 1, 0, 32, 1, 0, 32, 1, 0
, 32, 1, 0, 32, 1, 0, 32, 1, 0, 32, 1, 0, 32, 1, 0, 32, 1, 0, 32, 1, 0, 32, 1, 0, 32, 1, 0, 32, 2, 0, 384, 2, 0, 32, 0, 2, 32, 1, 2, 32, 1, 2, 32, 1, 2, 32, 1, 2, 32, 1, 2, 336, 1, 2, 32, 1, 2, 32, 1, 2, 32, 1, 2, 32, 1, 2, 32, 1, 2, 32, 1, 2, 336, 1, 2, 32, 1, 2, 32, 1, 2, 32, 1, 2, 32, 1, 2, 32, 1, 2, 32, 0, 2, 385, 2, 0, 32, 1, 0, 32, 1, 0, 32, 1, 0, 32, 1, 0, 32, 1, 0, 32, 1, 0, 32, 1, 0, 32, 1, 0, 32, 1, 0, 32, 1, 0, 32, 1, 0, 32, 1, 0, 32, 1, 0, 32, 1, 0, 32, 1, 0, 32, 1, 0, 32, 1, 0, 32, 1, 0, 32, 1, 0, 32, 1, 0, 32, 1, 0, 32, 1, 0, 32, 1, 0, 32, 1, 0, 32, 1, 0, 32, 1, 0, 32, 1, 0, 32, 1, 0
, 32, 1, 0, 32, 1, 0, 32, 1, 0, 32, 1, 0, 32, 1, 0, 32, 1, 0, 32, 1, 0, 32, 1, 0, 32, 1, 0, 32, 2, 0, 400, 2, 0, 32, 0, 2, 32, 1, 2, 32, 1, 2, 32, 1, 2, 32, 1, 2, 32, 1, 2, 32, 1, 2, 32, 1, 2, 32, 1, 2, 32, 1, 2, 32, 1, 2, 32, 1, 2, 32, 1, 2, 32, 1, 2, 32, 1, 2, 32, 1, 2, 32, 1, 2, 32, 1, 2, 32, 1, 2, 32, 1, 2, 401, 2, 0, 32, 1, 0, 32, 1, 0, 32, 1, 0, 32, 1, 0, 32, 1, 0, 32, 1, 0, 32, 1, 0, 32, 1, 0, 32, 1, 0, 32, 1, 0, 32, 1, 0, 32, 1, 0, 32, 1, 0, 32, 1, 0, 32, 1, 0, 32, 1, 0, 32, 1, 0, 32, 1, 0, 32, 1, 0, 32, 1, 0, 32, 1, 0, 32, 1, 0, 32, 1, 0, 32, 1, 0, 32, 1, 0, 32, 1, 0, 32, 1, 0, 32, 1, 0
, 32, 1, 0, 32, 1, 0, 32, 1, 0, 32, 1, 0, 32, 1, 0, 32, 1, 0, 32, 1, 0, 32, 1, 0, 32, 1, 0, 32, 2, 0, 32, 1, 2, 32, 1, 2, 32, 1, 2, 32, 1, 2, 32, 1, 2, 32, 1, 2, 32, 1, 2, 32, 1, 2, 32, 1, 2, 32, 1, 2, 32, 1, 2, 32, 1, 2, 32, 1, 2, 32, 1, 2, 32, 1, 2, 32, 1, 2, 32, 1, 2, 32, 1, 2, 32, 1, 2, 32, 1, 2, 32, 1, 2, 32, 1, 2, 32, 1, 0, 32, 1, 0, 32, 1, 0, 32, 1, 0, 32, 1, 0, 32, 1, 0, 32, 1, 0, 32, 1, 0, 32, 1, 0, 32, 1, 0, 32, 1, 0, 32, 1, 0, 32, 1, 0, 32, 1, 0, 32, 1, 0, 32, 1, 0, 32, 1, 0, 32, 1, 0, 32, 1, 0, 32, 1, 0, 32, 1, 0, 32, 1, 0, 32, 1, 0, 32, 1, 0, 32, 1, 0, 32, 1, 0, 32, 1, 0, 32, 1, 0
, 32, 1, 0, 32, 1, 0, 32, 1, 0, 32, 1, 0, 32, 1, 0, 32, 1, 0, 32, 1, 0, 32, 1, 0, 32, 1, 0, 32, 2, 0, 32, 1, 2, 32, 1, 2, 32, 1, 2, 32, 1, 2, 32, 1, 2, 548, 0, 2, 312, 0, 2, 313, 0, 2, 549, 0, 2, 32, 1, 2, 32, 1, 2, 32, 1, 2, 548, 0, 2, 312, 0, 2, 313, 0, 2, 549, 0, 2, 32, 1, 2, 32, 1, 2, 32, 1, 2, 32, 1, 2, 32, 1, 2, 32, 1, 2, 32, 1, 0, 32, 1, 0, 32, 1, 0, 32, 1, 0, 32, 1, 0, 32, 1, 0, 32, 1, 0, 32, 1, 0, 32, 1, 0, 32, 1, 0, 32, 1, 0, 32, 1, 0, 32, 1, 0, 32, 1, 0, 32, 1, 0, 32, 1, 0, 32, 1, 0, 32, 1, 0, 32, 1, 0, 32, 1, 0, 32, 1, 0, 32, 1, 0, 32, 1, 0, 32, 1, 0, 32, 1, 0, 32, 1, 0, 32, 1, 0, 32, 1, 0
, 32, 1, 0, 32, 1, 0, 32, 1, 0, 32, 1, 0, 32, 1, 0, 32, 1, 0, 32, 1, 0, 32, 1, 0, 32, 1, 0, 32, 2, 0, 32, 1, 2, 32, 1, 2, 32, 1, 2, 32, 1, 2, 32, 1, 2, 32, 1, 2, 32, 1, 2, 32, 1, 2, 32, 1, 2, 32, 1, 2, 32, 1, 2, 32, 1, 2, 32, 1, 2, 32, 1, 2, 32, 1, 2, 32, 1, 2, 32, 1, 2, 32, 1, 2, 32, 1, 2, 32, 1, 2, 32, 1, 2, 383, 0, 2, 32, 1, 0, 32, 1, 0, 32, 1, 0, 32, 1, 0, 32, 1, 0, 32, 1, 0, 32, 1, 0, 32, 1, 0, 32, 1, 0, 32, 1, 0, 32, 1, 0, 32, 1, 0, 32, 1, 0, 32, 1, 0, 32, 1, 0, 32, 1, 0, 32, 1, 0, 32, 1, 0, 32, 1, 0, 32, 1, 0, 32, 1, 0, 32, 1, 0, 32, 1, 0, 32, 1, 0, 32, 1, 0, 32, 1, 0, 32, 1, 0, 32, 1, 0
, 32, 1, 0, 32, 1, 0, 32, 1, 0, 32, 1, 0, 32, 1, 0, 32, 1, 0, 32, 1, 0, 32, 1, 0, 32, 1, 0, 32, 2, 0, 32, 1, 0, 382, 0, 2, 32, 1, 2, 32, 1, 2, 32, 1, 2, 32, 1, 2, 32, 1, 2, 32, 1, 2, 32, 1, 2, 32, 1, 2, 32, 1, 2, 32, 1, 2, 32, 1, 2, 32, 1, 2, 32, 1, 2, 32, 1, 2, 32, 1, 2, 32, 1, 2, 32, 1, 2, 383, 0, 2, 32, 1, 0, 32, 1, 0, 32, 1, 0, 32, 1, 0, 32, 1, 0, 32, 1, 0, 32, 1, 0, 32, 1, 0, 32, 1, 0, 32, 1, 0, 32, 1, 0, 32, 1, 0, 32, 1, 0, 32, 1, 0, 32, 1, 0, 32, 1, 0, 32, 1, 0, 32, 1, 0, 32, 1, 0, 32, 1, 0, 32, 1, 0, 32, 1, 0, 32, 1, 0, 32, 1, 0, 32, 1, 0, 32, 1, 0, 32, 1, 0, 32, 1, 0, 32, 1, 0, 32, 1, 0
, 32, 1, 0, 32, 1, 0, 32, 1, 0, 32, 1, 0, 32, 1, 0, 32, 1, 0, 32, 1, 0, 32, 1, 0, 32, 1, 0, 32, 1, 0, 32, 1, 0, 32, 1, 0, 32, 1, 0, 32, 1, 0, 32, 1, 0, 386, 1, 0, 387, 1, 0, 32, 18, 0, 32, 18, 0, 32, 18, 0, 32, 18, 0, 32, 18, 0, 32, 18, 0, 32, 18, 0, 386, 1, 0, 387, 1, 0, 32, 1, 0, 32, 1, 0, 32, 1, 0, 32, 1, 0, 32, 1, 0, 32, 1, 0, 32, 1, 0, 32, 1, 0, 32, 1, 0, 32, 1, 0, 32, 1, 0, 32, 1, 0, 32, 1, 0, 32, 1, 0, 32, 1, 0, 32, 1, 0, 32, 1, 0, 32, 1, 0, 32, 1, 0, 32, 1, 0, 32, 1, 0, 32, 1, 0, 32, 1, 0, 32, 1, 0, 32, 1, 0, 32, 1, 0, 32, 1, 0, 32, 1, 0, 32, 1, 0, 32, 1, 0, 32, 1, 0, 32, 1, 0, 32, 1, 0, 32, 1, 0
, 32, 1, 0, 32, 1, 0, 32, 1, 0, 32, 1, 0, 32, 1, 0, 32, 1, 0, 32, 1, 0, 32, 1, 0, 32, 1, 0, 32, 1, 0, 32, 1, 0, 32, 1, 0, 32, 1, 0, 32, 1, 0, 32, 1, 0, 402, 1, 0, 403, 1, 0, 369, 18, 0, 515, 0, 18, 515, 0, 18, 515, 0, 18, 515, 0, 18, 515, 0, 18, 515, 0, 18, 402, 1, 0, 403, 1, 0, 32, 1, 0, 32, 1, 0, 32, 1, 0, 32, 1, 0, 32, 1, 0, 32, 1, 0, 32, 1, 0, 32, 1, 0, 32, 1, 0, 32, 1, 0, 32, 5, 0, 32, 1, 0, 32, 1, 0, 32, 5, 0, 32, 1, 0, 32, 1, 0, 32, 1, 0, 32, 1, 0, 32, 1, 0, 32, 1, 0, 32, 1, 0, 32, 1, 0, 32, 1, 0, 32, 1, 0, 32, 1, 0, 32, 1, 0, 32, 1, 0, 32, 1, 0, 32, 1, 0, 383, 18, 0, 32, 1, 0, 32, 1, 0, 32, 1, 0, 32, 1, 0
, 32, 1, 0, 32, 1, 0, 32, 1, 0, 32, 1, 0, 32, 1, 0, 32, 1, 0, 32, 1, 0, 32, 1, 0, 32, 1, 0, 32, 1, 0, 32, 1, 0, 32, 1, 0, 32, 1, 0, 32, 1, 0, 32, 1, 0, 32, 1, 0, 32, 1, 0, 447, 18, 0, 32, 1, 18, 32, 1, 18, 32, 1, 18, 32, 1, 18, 32, 1, 18, 414, 0, 18, 32, 1, 0, 32, 1, 0, 32, 1, 0, 32, 1, 0, 32, 1, 0, 32, 1, 0, 32, 1, 0, 32, 1, 0, 32, 1, 0, 32, 1, 0, 32, 1, 0, 32, 1, 0, 32, 1, 0, 32, 1, 0, 32, 1, 0, 32, 1, 0, 32, 1, 0, 32, 1, 0, 32, 1, 0, 32, 1, 0, 32, 1, 0, 32, 1, 0, 32, 1, 0, 32, 1, 0, 32, 1, 0, 32, 1, 0, 32, 1, 0, 32, 1, 0, 32, 1, 0, 32, 1, 0, 32, 1, 0, 32, 1, 18, 32, 1, 0, 32, 1, 0, 32, 1, 0, 32, 1, 0
, 32, 1, 0, 32, 1, 0, 32, 1, 0, 32, 1, 0, 32, 1, 0, 32, 1, 0, 32, 1, 0, 32, 1, 0, 32, 1, 0, 32, 1, 0, 32, 1, 0, 32, 1, 0, 32, 1, 0, 32, 1, 0, 32, 1, 0, 32, 1, 0, 32, 1, 0, 32, 1, 18, 32, 1, 18, 32, 1, 18, 32, 1, 18, 32, 1, 18, 414, 0, 18, 32, 1, 0, 32, 1, 0, 32, 1, 0, 32, 1, 0, 32, 1, 0, 32, 1, 0, 32, 1, 0, 32, 1, 0, 32, 1, 0, 32, 1, 0, 32, 1, 0, 32, 1, 0, 32, 1, 0, 32, 1, 0, 32, 1, 0, 32, 1, 0, 32, 1, 0, 32, 1, 0, 32, 1, 0, 32, 1, 0, 32, 1, 0, 32, 1, 0, 32, 1, 0, 32, 1, 0, 32, 1, 0, 32, 1, 0, 32, 1, 0, 32, 1, 0, 32, 1, 0, 32, 1, 0, 32, 1, 0, 383, 18, 0, 32, 1, 18, 32, 1, 0, 32, 1, 0, 32, 1, 0, 32, 1, 0
, 32, 1, 0, 32, 1, 0, 32, 1, 0, 32, 1, 0, 32, 1, 0, 32, 1, 0, 32, 1, 0, 32, 1, 0, 32, 1, 0, 32, 1, 0, 32, 1, 0, 32, 1, 0, 32, 1, 0, 32, 1, 0, 32, 1, 0, 32, 1, 0, 383, 18, 0, 32, 1, 18, 32, 1, 18, 32, 1, 18, 32, 1, 18, 32, 1, 18, 32, 1, 0, 32, 1, 0, 32, 1, 0, 32, 1, 0, 32, 1, 0, 32, 1, 0, 32, 1, 0, 32, 1, 0, 32, 1, 0, 32, 1, 0, 32, 1, 0, 32, 1, 0, 32, 1, 0, 32, 1, 0, 32, 1, 0, 32, 1, 0, 32, 1, 0, 32, 1, 0, 32, 1, 0, 32, 1, 0, 32, 1, 0, 32, 1, 0, 32, 1, 0, 32, 1, 0, 32, 1, 0, 32, 1, 0, 32, 1, 0, 32, 1, 0, 32, 1, 0, 32, 1, 0, 32, 1, 0, 383, 18, 0, 32, 1, 18, 384, 0, 18, 32, 1, 0, 32, 1, 0, 32, 1, 0, 32, 1, 0
, 32, 1, 0, 32, 1, 0, 32, 1, 0, 32, 1, 0, 32, 1, 0, 32, 1, 0, 32, 1, 0, 32, 1, 0, 32, 1, 0, 32, 1, 0, 32, 1, 0, 32, 1, 0, 32, 1, 0, 32, 1, 0, 32, 1, 0, 32, 1, 0, 32, 1, 18, 32, 1, 18, 32, 1, 18, 32, 1, 18, 32, 1, 18, 32, 1, 18, 32, 1, 0, 32, 1, 0, 32, 1, 0, 32, 1, 0, 32, 1, 0, 32, 1, 0, 32, 1, 0, 32, 1, 0, 32, 1, 0, 32, 1, 0, 32, 1, 0, 32, 1, 0, 32, 1, 0, 32, 1, 0, 32, 1, 0, 32, 1, 0, 32, 1, 0, 32, 1, 0, 32, 1, 0, 32, 1, 0, 32, 1, 0, 32, 1, 0, 32, 1, 0, 32, 1, 0, 32, 1, 0, 32, 1, 0, 32, 1, 0, 32, 1, 0, 32, 1, 0, 32, 1, 0, 32, 1, 0, 32, 1, 18, 32, 1, 18, 400, 0, 18, 32, 1, 0, 32, 1, 0, 32, 1, 0, 32, 1, 0
, 32, 1, 0, 32, 1, 0, 32, 1, 0, 32, 1, 0, 32, 1, 0, 32, 1, 0, 32, 1, 0, 32, 1, 0, 32, 1, 0, 32, 1, 0, 32, 1, 0, 32, 1, 0, 32, 1, 0, 32, 1, 0, 32, 1, 0, 32, 1, 0, 382, 0, 18, 32, 1, 18, 32, 1, 18, 32, 1, 18, 32, 1, 18, 32, 1, 18, 382, 18, 0, 32, 1, 0, 32, 1, 0, 32, 1, 0, 32, 1, 0, 32, 1, 0, 32, 1, 0, 32, 1, 0, 32, 1, 0, 32, 1, 0, 32, 1, 0, 32, 1, 0, 32, 1, 0, 32, 1, 0, 32, 1, 0, 32, 1, 0, 32, 1, 0, 32, 1, 0, 32, 1, 0, 32, 1, 0, 32, 1, 0, 32, 1, 0, 32, 1, 0, 32, 1, 0, 32, 1, 0, 32, 1, 0, 32, 1, 0, 32, 1, 0, 32, 1, 0, 32, 1, 0, 383, 18, 0, 32, 1, 18, 32, 1, 18, 32, 1, 0, 32, 1, 0, 32, 1, 0, 32, 1, 0, 32, 1, 0
, 32, 1, 0, 32, 1, 0, 32, 1, 0, 32, 1, 0, 32, 1, 0, 32, 1, 0, 32, 1, 0, 32, 1, 0, 32, 1, 0, 32, 1, 0, 32, 1, 0, 32, 1, 0, 32, 1, 0, 32, 1, 0, 32, 1, 0, 32, 1, 0, 32, 1, 0, 382, 0, 18, 32, 0, 18, 32, 1, 18, 32, 1, 18, 32, 1, 18, 32, 1, 18, 382, 18, 0, 32, 1, 0, 32, 1, 0, 32, 1, 0, 32, 1, 0, 32, 1, 0, 32, 1, 0, 32, 1, 0, 32, 1, 0, 32, 1, 0, 32, 1, 0, 32, 1, 0, 32, 1, 0, 32, 1, 0, 32, 1, 0, 32, 1, 0, 32, 1, 0, 32, 1, 0, 32, 1, 0, 32, 1, 0, 32, 1, 0, 32, 1, 0, 32, 1, 0, 32, 1, 0, 32, 1, 0, 32, 1, 0, 32, 1, 0, 32, 1, 0, 383, 18, 0, 32, 1, 18, 32, 1, 18, 384, 0, 18, 32, 1, 0, 32, 1, 0, 32, 1, 0, 32, 1, 0, 32, 1, 0
, 32, 1, 0, 32, 1, 0, 32, 1, 0, 32, 1, 0, 32, 1, 0, 32, 1, 0, 32, 1, 0, 32, 1, 0, 32, 1, 0, 32, 1, 0, 32, 1, 0, 32, 1, 0, 32, 1, 0, 32, 1, 0, 32, 1, 0, 32, 1, 0, 32, 1, 0, 32, 1, 0, 32, 0, 18, 32, 1, 18, 32, 1, 18, 32, 1, 18, 32, 1, 18, 32, 1, 18, 32, 18, 0, 32, 1, 0, 32, 1, 0, 32, 1, 0, 32, 1, 0, 32, 1, 0, 391, 18, 0, 392, 18, 0, 32, 1, 18, 32, 1, 18, 32, 1, 18, 32, 1, 18, 32, 1, 18, 32, 1, 18, 32, 1, 18, 393, 18, 0, 394, 18, 0, 32, 1, 0, 32, 1, 0, 32, 1, 0, 32, 1, 0, 32, 1, 0, 32, 1, 0, 32, 1, 0, 32, 1, 0, 32, 18, 0, 383, 18, 0, 32, 1, 18, 32, 1, 18, 32, 0, 18, 400, 0, 18, 32, 1, 0, 32, 1, 0, 32, 1, 0, 32, 1, 0, 32, 1, 0
, 32, 1, 0, 32, 1, 0, 32, 1, 0, 32, 1, 0, 32, 1, 0, 32, 1, 0, 32, 1, 0, 32, 1, 0, 32, 1, 0, 32, 1, 0, 32, 1, 0, 32, 1, 0, 32, 1, 0, 32, 1, 0, 32, 1, 0, 32, 1, 0, 32, 1, 0, 32, 1, 0, 382, 0, 18, 32, 1, 18, 32, 1, 18, 32, 1, 18, 32, 1, 18, 32, 1, 18, 382, 18, 0, 32, 1, 0, 391, 18, 0, 392, 18, 0, 32, 1, 18, 32, 1, 18, 32, 1, 18, 32, 1, 18, 32, 1, 18, 32, 1, 18, 32, 1, 18, 32, 1, 18, 32, 1, 18, 32, 1, 18, 32, 1, 18, 32, 1, 18, 32, 1, 18, 32, 1, 18, 32, 1, 18, 393, 18, 0, 394, 18, 0, 32, 1, 0, 32, 1, 0, 32, 1, 0, 32, 1, 0, 383, 18, 0, 32, 1, 18, 32, 1, 18, 32, 1, 18, 392, 0, 18, 32, 1, 0, 32, 1, 0, 32, 1, 0, 32, 1, 0, 32, 1, 0, 32, 1, 0
, 32, 1, 0, 32, 1, 0, 32, 1, 0, 32, 1, 0, 32, 1, 0, 32, 1, 0, 32, 1, 0, 32, 1, 0, 32, 1, 0, 32, 1, 0, 32, 1, 0, 32, 1, 0, 32, 1, 0, 32, 1, 0, 32, 1, 0, 32, 1, 0, 32, 1, 0, 32, 1, 0, 32, 1, 0, 32, 1, 18, 32, 1, 18, 32, 1, 18, 32, 1, 18, 32, 1, 18, 32, 1, 18, 32, 1, 18, 32, 18, 18, 32, 1, 18, 32, 1, 18, 32, 1, 18, 32, 1, 18, 32, 1, 18, 32, 1, 18, 32, 1, 18, 32, 1, 18, 32, 1, 18, 32, 1, 18, 32, 1, 18, 32, 1, 18, 32, 1, 18, 32, 1, 18, 32, 1, 18, 32, 0, 18, 32, 1, 18, 32, 1, 18, 32, 1, 18, 32, 1, 18, 32, 1, 18, 32, 1, 18, 32, 1, 18, 32, 1, 18, 32, 1, 18, 383, 0, 18, 32, 1, 0, 32, 1, 0, 32, 1, 0, 32, 1, 0, 32, 1, 0, 32, 1, 0, 32, 1, 0
, 32, 1, 0, 32, 1, 0, 32, 1, 0, 32, 1, 0, 32, 1, 0, 32, 1, 0, 32, 1, 0, 32, 1, 0, 32, 1, 0, 32, 1, 0, 32, 1, 0, 32, 1, 0, 32, 1, 0, 32, 1, 0, 32, 1, 0, 32, 1, 0, 32, 1, 0, 32, 1, 0, 32, 1, 0, 382, 0, 18, 32, 1, 18, 32, 1, 18, 32, 0, 18, 32, 1, 18, 32, 1, 18, 32, 1, 18, 32, 1, 18, 32, 1, 18, 32, 1, 18, 32, 1, 18, 32, 1, 18, 32, 1, 18, 32, 1, 18, 32, 1, 18, 32, 1, 18, 32, 1, 18, 32, 1, 18, 32, 1, 18, 32, 1, 18, 32, 1, 18, 32, 1, 18, 32, 1, 18, 32, 1, 18, 32, 1, 18, 32, 1, 18, 32, 1, 18, 32, 1, 18, 32, 1, 18, 32, 1, 18, 32, 1, 18, 32, 1, 18, 32, 1, 18, 32, 1, 0, 32, 1, 0, 32, 1, 0, 32, 1, 0, 32, 1, 0, 32, 1, 0, 32, 1, 0, 32, 1, 0
, 32, 1, 0, 32, 1, 0, 32, 1, 0, 32, 1, 0, 32, 1, 0, 32, 1, 0, 32, 1, 0, 32, 1, 0, 32, 1, 0, 32, 1, 0, 32, 1, 0, 32, 1, 0, 32, 1, 0, 32, 1, 0, 32, 1, 0, 32, 1, 0, 32, 1, 0, 32, 1, 0, 32, 1, 0, 32, 1, 0, 415, 0, 18, 32, 1, 18, 32, 1, 18, 32, 1, 18, 32, 1, 18, 32, 1, 18, 32, 1, 18, 32, 1, 18, 32, 1, 18, 32, 1, 18, 32, 1, 18, 32, 1, 18, 391, 0, 18, 392, 0, 18, 32, 1, 0, 32, 1, 0, 32, 1, 0, 393, 0, 18, 394, 0, 18, 32, 1, 18, 32, 1, 18, 32, 1, 18, 32, 1, 18, 32, 1, 18, 32, 1, 18, 32, 1, 18, 32, 0, 18, 32, 0, 18, 32, 0, 18, 32, 1, 18, 391, 0, 18, 392, 0, 18, 32, 1, 0, 32, 1, 0, 32, 1, 0, 32, 1, 0, 32, 1, 0, 32, 1, 0, 32, 1, 0, 32, 1, 0
, 32, 1, 0, 32, 1, 0, 32, 1, 0, 32, 1, 0, 32, 1, 0, 32, 1, 0, 32, 1, 0, 32, 1, 0, 32, 1, 0, 32, 1, 0, 32, 1, 0, 32, 1, 0, 32, 1, 0, 32, 1, 0, 32, 1, 0, 32, 1, 0, 32, 1, 0, 32, 1, 0, 32, 1, 0, 32, 1, 0, 32, 1, 0, 393, 0, 18, 354, 0, 18, 346, 18, 0, 347, 18, 0, 346, 18, 0, 345, 18, 0, 344, 18, 0, 340, 18, 0, 339, 18, 0, 337, 18, 0, 32, 18, 0, 32, 1, 0, 32, 1, 0, 32, 1, 0, 32, 1, 0, 32, 1, 0, 32, 1, 0, 32, 1, 0, 32, 1, 0, 337, 18, 0, 338, 18, 0, 339, 18, 0, 339, 18, 0, 340, 18, 0, 339, 18, 0, 339, 18, 0, 338, 18, 0, 337, 18, 0, 336, 18, 0, 32, 1, 0, 32, 1, 0, 32, 1, 0, 32, 1, 0, 32, 1, 0, 32, 1, 0, 32, 1, 0, 32, 1, 0, 32, 1, 0, 32, 1, 0
